{
	"parks": {
		"Alexandra Gardens": {
			"nelat": -37.81869114999999,
			"nelong": 144.97803185,
			"swlat": -37.82288215000001,
			"swlong": 144.96558805
		},
		"Flagstaff Gardens": {
			"nelat": -37.80676705,
			"nelong": 144.95757005,
			"swlat": -37.81414645,
			"swlong": 144.95080505
		},
		"Fitzroy Gardens": {
			"nelat": -37.80685015,
			"nelong": 144.9863793,
			"swlat": -37.81905275000001,
			"swlong": 144.9744725
		},
		"Westgate Park": {
			"nelat": -37.83045597010727,
			"nelong": 144.9123806798927,
			"swlat": -37.83315562989272,
			"swlong": 144.9096810201073
		},
		"Kings Domain": {
			"nelat": -37.82280597010728,
			"nelong": 144.9748344298928,
			"swlat": -37.82550562989273,
			"swlong": 144.9721347701073
		},
		"Batman Park Public BBQ": {
			"nelat": -37.82029897010727,
			"nelong": 144.9589517298927,
			"swlat": -37.82299862989272,
			"swlong": 144.9562520701073
		},
		"Parliament Gardens": {
			"nelat": -37.80857617010727,
			"nelong": 144.975247,
			"swlat": -37.81127582989271,
			"swlong": 144.971971
		},
		"BIG4 Melbourne Holiday Park": {
			"nelat": -37.72137522010728,
			"nelong": 144.9862651798927,
			"swlat": -37.72407487989272,
			"swlong": 144.9835655201072
		},
		"Queen Victoria Gardens": {
			"nelat": -37.82136217010727,
			"nelong": 144.9726836798927,
			"swlat": -37.82406182989271,
			"swlong": 144.9699840201073
		},
		"Carlton Gardens": {
			"nelat": -37.7974459,
			"nelong": 144.97662605,
			"swlat": -37.8111199,
			"swlong": 144.96631825
		},
		"Maritime Cove Community Park": {
			"nelat": -37.83947237010728,
			"nelong": 144.9149948298927,
			"swlat": -37.84217202989272,
			"swlong": 144.9122951701073
		},
		"Fawkner Park": {
			"nelat": -37.83301355,
			"nelong": 144.9894111,
			"swlat": -37.84963375000001,
			"swlong": 144.9736383
		},
		"Birrarung Marr": {
			"nelat": -37.815315,
			"nelong": 144.9802419,
			"swlat": -37.823345,
			"swlong": 144.9640487
		},
		"Queens Park": {
			"nelat": -37.76070707010727,
			"nelong": 144.9253642298928,
			"swlat": -37.76340672989272,
			"swlong": 144.9226645701073
		},
		"Treasury Gardens": {
			"nelat": -37.81318162010728,
			"nelong": 144.97667315,
			"swlat": -37.81588127989272,
			"swlong": 144.97391735
		},
		"Discovery Parks - Melbourne": {
			"nelat": -37.78322467010728,
			"nelong": 144.8653374298927,
			"swlat": -37.78592432989272,
			"swlong": 144.8626377701072
		},
		"Charles Evans Reserve": {
			"nelat": -37.83071922010728,
			"nelong": 144.9930508298927,
			"swlat": -37.83341887989272,
			"swlong": 144.9903511701073
		},
		"Wattle Park": {
			"nelat": -37.8331227,
			"nelong": 145.1167722,
			"swlat": -37.8445879,
			"swlong": 145.0921706
		},
		"Nortons Park": {
			"nelat": -37.87791152010728,
			"nelong": 145.2005726798928,
			"swlat": -37.88061117989272,
			"swlong": 145.1978730201073
		},
		"Princes Park": {
			"nelat": -37.78356662010728,
			"nelong": 144.9624495298927,
			"swlat": -37.78626627989272,
			"swlong": 144.9597498701073
		}
	}
}