{
	"parks": {
		"Alexandra Gardens": {
			"nelat": -37.81869114999999,
			"nelong": 144.97803185,
			"swlat": -37.82288215000001,
			"swlong": 144.96558805
		},
		"Flagstaff Gardens": {
			"nelat": -37.80676705,
			"nelong": 144.95757005,
			"swlat": -37.81414645,
			"swlong": 144.95080505
		},
		"Fitzroy Gardens": {
			"nelat": -37.80685015,
			"nelong": 144.9863793,
			"swlat": -37.81905275000001,
			"swlong": 144.9744725
		},
		"Westgate Park": {
			"nelat": -37.83045597010727,
			"nelong": 144.9123806798927,
			"swlat": -37.83315562989272,
			"swlong": 144.9096810201073
		},
		"Kings Domain": {
			"nelat": -37.82280597010728,
			"nelong": 144.9748344298928,
			"swlat": -37.82550562989273,
			"swlong": 144.9721347701073
		},
		"Batman Park Public BBQ": {
			"nelat": -37.82029897010727,
			"nelong": 144.9589517298927,
			"swlat": -37.82299862989272,
			"swlong": 144.9562520701073
		},
		"Parliament Gardens": {
			"nelat": -37.80857617010727,
			"nelong": 144.975247,
			"swlat": -37.81127582989271,
			"swlong": 144.971971
		},
		"BIG4 Melbourne Holiday Park": {
			"nelat": -37.72137522010728,
			"nelong": 144.9862651798927,
			"swlat": -37.72407487989272,
			"swlong": 144.9835655201072
		},
		"Queen Victoria Gardens": {
			"nelat": -37.82136217010727,
			"nelong": 144.9726836798927,
			"swlat": -37.82406182989271,
			"swlong": 144.9699840201073
		},
		"Carlton Gardens": {
			"nelat": -37.7974459,
			"nelong": 144.97662605,
			"swlat": -37.8111199,
			"swlong": 144.96631825
		},
		"Maritime Cove Community Park": {
			"nelat": -37.83947237010728,
			"nelong": 144.9149948298927,
			"swlat": -37.84217202989272,
			"swlong": 144.9122951701073
		},
		"Fawkner Park": {
			"nelat": -37.83301355,
			"nelong": 144.9894111,
			"swlat": -37.84963375000001,
			"swlong": 144.9736383
		},
		"Birrarung Marr": {
			"nelat": -37.815315,
			"nelong": 144.9802419,
			"swlat": -37.823345,
			"swlong": 144.9640487
		},
		"Queens Park": {
			"nelat": -37.76070707010727,
			"nelong": 144.9253642298928,
			"swlat": -37.76340672989272,
			"swlong": 144.9226645701073
		},
		"Treasury Gardens": {
			"nelat": -37.81318162010728,
			"nelong": 144.97667315,
			"swlat": -37.81588127989272,
			"swlong": 144.97391735
		},
		"Discovery Parks - Melbourne": {
			"nelat": -37.78322467010728,
			"nelong": 144.8653374298927,
			"swlat": -37.78592432989272,
			"swlong": 144.8626377701072
		},
		"Charles Evans Reserve": {
			"nelat": -37.83071922010728,
			"nelong": 144.9930508298927,
			"swlat": -37.83341887989272,
			"swlong": 144.9903511701073
		},
		"Wattle Park": {
			"nelat": -37.8331227,
			"nelong": 145.1167722,
			"swlat": -37.8445879,
			"swlong": 145.0921706
		},
		"Nortons Park": {
			"nelat": -37.87791152010728,
			"nelong": 145.2005726798928,
			"swlat": -37.88061117989272,
			"swlong": 145.1978730201073
		},
		"Princes Park": {
			"nelat": -37.78356662010728,
			"nelong": 144.9624495298927,
			"swlat": -37.78626627989272,
			"swlong": 144.9597498701073
		}
	},

	"KFC": {
		"Bacchus": {
			"nelat": -37.67289677010728,
			"nelong": 144.4377583298927,
			"swlat": -37.67559642989272,
			"swlong": 144.4350586701073
		},
		"Melton": {
			"nelat": -37.68430142010728,
			"nelong": 144.5653281298927,
			"swlat": -37.68700107989272,
			"swlong": 144.5626284701073
		},
		"Sunbury": {
			"nelat": -37.57515277010727,
			"nelong": 144.7330760298927,
			"swlat": -37.57785242989272,
			"swlong": 144.7303763701073
		},
		"Ballan": {
			"nelat": -37.58919967010728,
			"nelong": 144.2455362298927,
			"swlat": -37.59189932989273,
			"swlong": 144.2428365701072
		},
		"Calder": {
			"nelat": -37.66344227010728,
			"nelong": 144.7490941298927,
			"swlat": -37.66614192989272,
			"swlong": 144.7463944701073
		},
		"Keilor": {
			"nelat": -37.66403037010728,
			"nelong": 144.7555686798927,
			"swlat": -37.66673002989273,
			"swlong": 144.7528690201073
		},
		"Taylors": {
			"nelat": -37.71002537010728,
			"nelong": 144.7428933798927,
			"swlat": -37.71272502989272,
			"swlong": 144.7401937201072
		},
		"Sydenham": {
			"nelat": -37.69531372010728,
			"nelong": 144.7823164298927,
			"swlat": -37.69801337989272,
			"swlong": 144.7796167701073
		},
		"Caroline": {
			"nelat": -37.73036602010728,
			"nelong": 144.7447443798928,
			"swlat": -37.73306567989273,
			"swlong": 144.7420447201073
		},
		"Deer": {
			"nelat": -37.75069242010728,
			"nelong": 144.7789011798927,
			"swlat": -37.75339207989273,
			"swlong": 144.7762015201072
		},
		"Roxburgh": {
			"nelat": -37.63915357010728,
			"nelong": 144.9326114298927,
			"swlat": -37.64185322989272,
			"swlong": 144.9299117701073
		},
		"Broadmeadows": {
			"nelat": -37.67463402010728,
			"nelong": 144.9234271298927,
			"swlat": -37.67733367989272,
			"swlong": 144.9207274701073
		},
		"Tarneit": {
			"nelat": -37.84672822010728,
			"nelong": 144.6902782298927,
			"swlat": -37.84942787989272,
			"swlong": 144.6875785701073
		},
		"Wyndham": {
			"nelat": -37.89057852010728,
			"nelong": 144.6316419298927,
			"swlat": -37.89327817989272,
			"swlong": 144.6289422701072
		},
		"Fawkner": {
			"nelat": -37.69942822010728,
			"nelong": 144.9609455298927,
			"swlat": -37.70212787989272,
			"swlong": 144.9582458701073
		},
		"Moonee": {
			"nelat": -37.76471102010728,
			"nelong": 144.9254234798927,
			"swlat": -37.76741067989272,
			"swlong": 144.9227238201073
		},
		"Point": {
			"nelat": -37.88285272010728,
			"nelong": 144.7343685798927,
			"swlat": -37.88555237989273,
			"swlong": 144.7316689201073
		},
		"Tullamarine": {
			"nelat": -37.69913282010727,
			"nelong": 144.8818510298927,
			"swlat": -37.70183247989272,
			"swlong": 144.8791513701073
		},
		"Sunshine": {
			"nelat": -37.78011147010728,
			"nelong": 144.8338179298927,
			"swlat": -37.78281112989272,
			"swlong": 144.8311182701073
		},
		"Hoppers": {
			"nelat": -37.86793207010728,
			"nelong": 144.7342378798927,
			"swlat": -37.87063172989273,
			"swlong": 144.7315382201073
		},
		"Yarraville": {
			"nelat": -37.82291022010727,
			"nelong": 144.8830301798927,
			"swlat": -37.82560987989272,
			"swlong": 144.8803305201073
		},
		"Thornbury": {
			"nelat": -37.75718392010727,
			"nelong": 144.9944432798927,
			"swlat": -37.75988357989272,
			"swlong": 144.9917436201073
		},
		"Coburg": {
			"nelat": -37.73980002010727,
			"nelong": 144.9640032798927,
			"swlat": -37.74249967989272,
			"swlong": 144.9613036201073
		},
		"Mill": {
			"nelat": -37.65533612010728,
			"nelong": 145.0801923298927,
			"swlat": -37.65803577989272,
			"swlong": 145.0774926701073
		},
		"Docklands": {
			"nelat": -37.81058587010727,
			"nelong": 144.9392152798927,
			"swlat": -37.81328552989272,
			"swlong": 144.9365156201073
		},
		"Altona": {
			"nelat": -37.87022567010728,
			"nelong": 144.7774265798928,
			"swlat": -37.87292532989272,
			"swlong": 144.7747269201073
		},
		"Airport": {
			"nelat": -37.71222237010728,
			"nelong": 144.8880189298927,
			"swlat": -37.71492202989272,
			"swlong": 144.8853192701073
		},
		"Essendon": {
			"nelat": -37.74064837010727,
			"nelong": 144.9049340298927,
			"swlat": -37.74334802989272,
			"swlong": 144.9022343701073
		},
		"Epping": {
			"nelat": -37.65637772010728,
			"nelong": 145.0206263798927,
			"swlat": -37.65907737989272,
			"swlong": 145.0179267201073
		},
		"Thomastown": {
			"nelat": -37.68292937010727,
			"nelong": 145.0300299298927,
			"swlat": -37.68562902989272,
			"swlong": 145.0273302701073
		},
		"Bundoora": {
			"nelat": -37.69273112010729,
			"nelong": 145.0618644798927,
			"swlat": -37.69543077989273,
			"swlong": 145.0591648201073
		},
		"Flemington": {
			"nelat": -37.78695427010729,
			"nelong": 144.9344586798927,
			"swlat": -37.78965392989273,
			"swlong": 144.9317590201073
		},
		"Wallan": {
			"nelat": -37.41120022010728,
			"nelong": 144.9803542298927,
			"swlat": -37.41389987989272,
			"swlong": 144.9776545701073
		},
		"Prahran": {
			"nelat": -37.84448617010728,
			"nelong": 144.9954548798927,
			"swlat": -37.84718582989272,